nct_id,ticker,phase_clean,category_clean,results_posted,baseline_car,baseline_raw,category_refined
NCT03852433,GILD,Phase 2,Success,2024-07-29,0.0438435289103164,0.034829961409861,Success
NCT05567952,PFE,Phase 2,Success,2024-10-08,0.0317314339514191,0.0352859089222601,Success
NCT04927975,ABBV,Phase 2,Success,2024-10-08,-0.0106210699108944,-0.0056280624480081,Success
NCT02335944,NVS,Phase 1/2,Business Termination,2023-06-18,0.0009333503031455,0.0086275640419941,Business Termination
NCT04442503,BIIB,Phase 3,Success,2023-06-22,-0.0357231593952851,-0.0534490514550681,Success
NCT03188185,ALKS,Phase 3,Success,2021-03-15,0.0200015923506301,0.0499999503294645,Success
NCT04167670,PHAT,Phase 3,Success,2022-04-05,0.1147670886023829,0.1337252530793136,Success
NCT04915950,PFE,Phase 2,Business Termination,2023-12-22,0.0043253234151228,0.0159801658269798,Business Termination
NCT04167462,BMY,Phase 3,Success,2022-11-02,0.0306322241819626,0.0253804309403136,Success
NCT04987944,PFE,Phase 1,Business Termination,2024-07-19,0.003695526565887,-1.1102230246251563e-16,Business Termination
NCT02781584,GILD,Phase 2,Success,2022-02-02,-0.0813698633179217,-0.0720302311983427,Success
NCT03987451,NVO,Phase 2,Success,2024-05-29,-0.0129068072685927,-0.002139144392788,Success
NCT02987543,AZN,Phase 3,Success,2020-10-12,-0.0159636117710988,-0.0063515290145613,Success
NCT03499353,PFE,Phase 2,Business Termination,2021-11-09,0.1346837130335848,0.1443558972000946,Business Termination
NCT04065841,NVS,Phase 2,Business Termination,2023-12-26,0.0160250962470467,0.029133134656746,Business Termination
NCT03721965,INCY,Phase 1/2,Failure,2023-02-21,-0.0129840023525206,-0.0212979816573392,Failure
NCT03963401,PFE,Phase 2,Success,2021-08-04,0.0491889755314697,0.0527917359217413,Success
NCT03745820,BIIB,Phase 2,Success,2023-04-18,-0.0252721970449416,0.0019674724978377,Success
NCT04551053,INCY,Phase 3,Failure,2024-08-23,0.019526018107652,0.0194159685201547,Failure
NCT04285580,ABBV,Phase 3,Success,2023-06-08,-0.0024331286217033,0.0063568718705488,Success
NCT02718300,INCY,Phase 2,Business Termination,2024-05-01,0.0148459324069072,0.0402476393977324,Business Termination
NCT05195528,PHAT,Phase 3,Success,2023-12-29,0.0115488372760822,-0.0108695032465873,Success
NCT02914522,GILD,Phase 3,Success,2021-04-21,-0.0237659685706075,-0.0207866528856437,Success
NCT05128773,SNY,Phase 3,Business Termination,2023-06-22,0.0187951128434956,0.0276709226605522,Business Termination
NCT05442775,CYTK,Phase 3,Failure,2024-08-13,0.0462397250082001,0.0566666920979819,Failure
NCT03802227,NKTR,Phase 1,Business Termination,2021-05-27,0.0084491494465973,0.0145904399258078,Business Termination
NCT03917459,NVS,Phase 3,Success,2024-01-08,0.0176784569106795,0.0249952044549159,Success
NCT04806503,NVS,Phase 2,Failure,2023-08-30,-0.0210630755235205,-0.0104146729322101,Failure
NCT04203498,JAZZ,Phase 3,Business Termination,2024-05-08,0.014678417168456,-0.0034542757515985,Business Termination
NCT03841448,ALNY,Phase 2,Business Termination,2023-12-08,0.0106356010949774,0.0206022766110351,Excluded (possibly positive)
NCT04035668,NVS,Phase 2,Business Termination,2022-12-20,-0.000572695427937,0.0001100741023132,Business Termination
NCT04431453,GILD,Phase 2/3,Success,2023-12-22,-0.0074210612109367,0.0110707309869753,Success
NCT04045145,NBIX,Phase 2,Success,2024-07-18,-0.0173228159083122,-0.0147837232830214,Success
NCT03811574,NVO,Phase 3,Success,2022-03-22,-0.0101229453258987,-0.0079199178655818,Success
NCT04478266,SNY,Phase 3,Business Termination,2023-07-06,-0.0477371777248907,-0.0384044450714828,Excluded (possibly positive)
NCT01889238,PFE,Phase 2,Success,2018-08-22,-0.0015557476977777,0.0073653497477148,Success
NCT04349098,KPTI,Phase 2,Success,2021-11-01,0.3932517981598831,0.52399227317586,Success
NCT04377620,INCY,Phase 3,Business Termination,2022-01-19,0.0517995979773683,0.0154786064634071,Business Termination
NCT02928224,PFE,Phase 3,Success,2020-07-14,0.0626137821916007,0.0639573516327642,Success
NCT03889639,SNY,Phase 2,Success,2023-03-08,0.0068008476729359,-0.0100502072344618,Success
NCT04329949,CORT,Phase 3,Business Termination,2023-11-18,-0.024938576153474,-0.0015760051024961,Failure
NCT03128411,PFE,Phase 2,Success,2020-11-24,0.0168847224640992,0.0287371100247417,Success
NCT05047523,LXRX,Phase 3,Business Termination,2024-10-15,0.1307755509966932,0.1893490665137023,Business Termination
NCT02214160,RARE,Phase 2,Success,2021-12-08,0.0335584613834714,0.0248651405937478,Success
NCT04553406,SPRO,Phase 2,Business Termination,2022-02-28,0.0716392359563235,0.1197182452214427,Excluded (regulatory)
NCT04820686,ASMB,Phase 2,Business Termination,2023-11-14,-0.1190507821340257,-0.0666667090521918,Business Termination
NCT05652660,PFE,Phase 1,Success,2024-07-26,0.0780213243839298,0.0790848331310247,Success
NCT05673889,PFE,Phase 1,Success,2024-08-16,-0.0122824573511682,0.001733050925653,Success
NCT04422431,LXRX,Phase 2,Success,2023-07-03,0.0190774228857148,-0.0133333206176757,Success
NCT04172831,TNXP,Phase 3,Success,2022-08-08,-0.2782304741028238,-0.2033898305084747,Success
NCT03521934,LXRX,Phase 3,Business Termination,2022-10-28,0.0041647177245919,0.0622010142486477,Business Termination
NCT03903822,PFE,Phase 2,Success,2021-03-29,0.0148495953763233,0.0174105196255527,Success
NCT02468232,NVS,Phase 3,Success,2023-12-08,0.0118194596891629,0.012374957107456,Success
NCT01541215,NVO,Phase 3,Success,2018-12-11,0.0416667448439184,0.0247591225932513,Success
NCT01828112,NVS,Phase 3,Success,2017-07-27,0.0166641358794941,0.0107963370812562,Success
NCT03978520,ABBV,Phase 2,Success,2023-07-21,0.0477858471380566,0.0369746468177452,Success
NCT05165394,NBIX,Phase 2,Success,2024-07-31,0.0587412155608132,0.0431879850551182,Success
NCT02435173,NVS,Phase 2/3,Success,2022-03-11,0.060653733690823,0.0576707648383416,Success
NCT03487276,IFRX,Phase 2,Failure,2021-04-08,0.0500457526370115,-0.0288713639758155,Failure
NCT02130557,PFE,Phase 3,Success,2018-11-14,-0.0259493677828177,-0.0173895668029362,Success
NCT03931291,APRE,Phase 2,Success,2024-03-26,0.0348716984678181,0.0535433319203433,Success
NCT00753545,AZN,Phase 2,Success,2013-03-11,-0.0016181236920093,0.0024047235872624,Success
NCT02282020,AZN,Phase 3,Success,2019-12-02,-0.0258406676846679,-0.0114845727538825,Success
NCT03739866,GILD,Phase 1,Success,2020-12-09,-0.0170800862195312,-0.0129953862643128,Success
NCT04809623,GILD,Phase 1,Business Termination,2024-04-05,-0.029451782808557,-0.0298236399468664,Business Termination
NCT05139615,PFE,Phase 2,Business Termination,2023-11-09,-0.0413348691209541,-0.0580269097858306,Business Termination
NCT03345836,ABBV,Phase 3,Success,2022-08-15,2.924648440474388e-05,0.0035476741512034,Success
NCT03989232,NVO,Phase 3,Success,2021-10-22,0.0092315981085204,0.0258001955366249,Success
NCT01986348,KPTI,Phase 2,Business Termination,2021-08-02,-0.0820740627525718,-0.1103526915299085,Business Termination
NCT02141282,ABBV,Phase 2,Success,2022-12-19,-0.0121119488507035,-0.0160744066453495,Success
NCT03987620,SCYX,Phase 3,Success,2021-09-08,0.0329104827922968,0.0119939914229363,Success
NCT03895372,PFE,Phase 2,Success,2021-08-27,-0.0534537257305618,-0.047747186981133,Success
NCT02608268,NVS,Phase 1/2,Business Termination,2023-12-06,-0.019768504150988,-0.0186485911495082,Business Termination
NCT03060447,GILD,Phase 1,Success,2021-04-21,-0.0237660677560315,-0.0207867191913584,Success
NCT03941834,PFE,Phase 2,Business Termination,2024-06-10,-0.0575930221583909,-0.0639592362589357,Business Termination
NCT03235544,INCY,Phase 2,Success,2022-02-10,-0.096942292825925,-0.0999318607162725,Success
NCT03203642,SNY,Phase 2,Success,2023-02-06,-0.0132998955858992,-0.0213335169228897,Success
NCT04556734,PFE,Phase 2,Success,2024-06-26,0.0106915821435313,0.0086516472371243,Success
NCT04382053,NVS,Phase 2,Success,2021-11-30,-0.0186337912539774,-0.0239287459214788,Success
NCT04421456,JAZZ,Phase 2,Business Termination,2023-06-15,0.0266885613249545,0.019425224341613,Business Termination
NCT05692154,SNY,Phase 3,Success,2024-05-16,-0.0353415932064784,-0.0356503568335161,Success
NCT04057937,AMGN,Phase 2,Success,2022-01-06,0.0486769301489511,0.0162335202876164,Success
NCT01740427,PFE,Phase 3,Success,2017-04-26,-0.0088114229943242,0.0083234029310814,Success
NCT04292730,GILD,Phase 3,Success,2021-01-26,-0.0237484732387304,-0.0343385816535515,Success
NCT03864042,PFE,Phase 1,Failure,2024-09-27,-0.0290795352279118,-0.0281355624339865,Failure
NCT05421078,NAMS,Phase 2,Success,2024-09-27,0.1220128355768708,0.1118971513472535,Success
NCT04476030,BIIB,Phase 3,Success,2023-11-07,-0.0616214110612157,-0.0711568951891032,Success
NCT03781479,CPRX,Phase 2,Success,2021-06-01,-0.0256679729288514,-0.0161002057479774,Success
NCT02958865,PFE,Phase 2,Success,2022-07-21,0.0181078067235013,0.0200981760541496,Success
NCT03036150,AZN,Phase 3,Success,2021-07-07,-0.0135029153945706,-0.0112750264323759,Success
NCT05044234,ABBV,Phase 2,Business Termination,2023-11-29,0.0360713152397692,0.03418164784784,Business Termination
NCT04984278,JAZZ,Phase 3,Business Termination,2024-02-05,-0.0005723825364979,0.0017927087558242,Business Termination
NCT03110562,KPTI,Phase 3,Success,2021-07-08,-0.0243619399199595,-0.0742150168170927,Success
NCT04380142,ABBV,Phase 3,Success,2022-11-18,0.0545554963347307,0.0441059185415135,Success
NCT03599622,BMY,Phase 2,Failure,2024-07-03,-0.0179074658780629,-0.0224400452568558,Failure
NCT04688164,RLMD,Phase 3,Failure,2024-03-26,-0.029737449586599,-0.0021458696077492,Failure
NCT03653026,ABBV,Phase 3,Success,2021-11-26,-0.0018278781435889,-0.0031993952507715,Success
NCT02924376,INCY,Phase 2,Success,2023-02-23,-0.0143732570299336,-0.030253156830993,Success
NCT03487848,BMY,Phase 2,Business Termination,2021-04-20,0.0278387868353724,0.0291744993286811,Business Termination
NCT02007512,PFE,Phase 2,Success,2018-02-06,-0.0847507618753245,-0.0868856921605306,Success
NCT04724837,AZN,Phase 2,Success,2024-07-30,0.0294604628704182,0.0341313965849636,Success
NCT04706793,PFE,Phase 3,Failure,2023-10-16,-0.0368720188842346,-0.051343951225598,Failure
NCT03746522,RYTM,Phase 3,Success,2023-12-01,0.0678683116026424,0.1463718677546295,Success
NCT02647359,PTCT,Phase 2,Success,2022-05-27,-0.099272766823038,-0.0727041021132157,Success
NCT01850004,BMY,Phase 2,Success,2018-11-02,0.0170503184003769,0.0265891398605668,Success
NCT02678312,NVS,Phase 2/3,Failure,2023-02-10,0.0210979445097118,0.0140143120275644,Failure
NCT04109313,NVS,Phase 2,Success,2023-09-29,-0.0235818631145018,-0.0193256063282574,Success
NCT03610048,ALKS,Phase 3,Business Termination,2021-07-16,-0.0283782714777608,-0.0188216440985861,Business Termination
NCT03672175,BIIB,Phase 3,Success,2022-11-10,-0.0071908621285927,0.0507343218647049,Success
NCT02486406,ABBV,Phase 2/3,Success,2021-10-05,0.0229052996349186,0.027811159377675,Success
NCT01828099,NVS,Phase 3,Success,2017-09-21,0.0078731696110656,0.013159647837627,Success
NCT02706847,ABBV,Phase 3,Success,2019-10-07,0.0218161974455117,0.0162207891812908,Success
NCT03732638,PFE,Phase 2/3,Success,2021-08-09,0.0229470337889744,0.0247843229493871,Success
NCT02437318,NVS,Phase 3,Success,2019-08-13,-0.0265688758922858,-0.0290474544509881,Success
NCT02896192,RYTM,Phase 3,Success,2023-09-21,-0.0367047799287664,-0.0713121407788013,Success
NCT04574362,PFE,Phase 3,Success,2023-12-14,-0.0680332134478574,-0.0551674659511092,Success
NCT04442490,BIIB,Phase 3,Success,2023-12-05,0.0064946637898367,0.0215310716281109,Success
NCT04147195,NVS,Phase 2,Business Termination,2023-01-26,-0.0311738895453843,-0.0278710606372851,Business Termination
NCT03911869,PFE,Phase 2,Business Termination,2023-05-31,0.0090131975825623,0.0140100237833948,Business Termination (feasibility)
NCT03837509,INCY,Phase 1/2,Business Termination,2023-03-20,0.0117978424821481,-0.0028977381114306,Business Termination (feasibility)
NCT04430855,ABBV,Phase 2,Success,2023-02-06,-0.0111221501945816,-0.0135744865061622,Success
NCT04092452,PFE,Phase 2,Success,2023-06-15,-0.0039056792450984,-0.0140348613123544,Success
NCT02706951,ABBV,Phase 3,Success,2019-10-07,0.0218161974455117,0.0162207891812908,Success
NCT01470612,PFE,Phase 3,Success,2021-09-17,-0.0307577991970578,-0.0176693779254537,Success
NCT04818346,INCY,Phase 2,Success,2023-07-05,0.0156399272878127,0.0035570125485966,Success
NCT01639001,PFE,Phase 3,Success,2017-03-13,0.0174584610241476,0.0212326432662806,Success
NCT02924727,NVS,Phase 3,Success,2023-06-22,-0.0282890157103431,-0.0227831051349639,Success
NCT00658021,AZN,Phase 3,Success,2020-12-01,-0.012987761707074,0.0034220409595315,Success
NCT03721172,AMGN,Phase 3,Success,2021-05-17,-0.0043442987368544,-0.0018012888680779,Success
NCT04899349,NVS,Phase 2,Business Termination,2023-12-12,0.0229749840308926,0.0306473939773317,Business Termination (feasibility)
NCT03548220,AGIO,Phase 3,Success,2022-05-24,-0.041720622418717,-0.0591946232204558,Success
NCT03597503,SUPN,Phase 3,Business Termination,2024-02-20,0.0050564010721458,0.0137881377169408,Business Termination
NCT05005312,PFE,Phase 1,Success,2023-09-06,-0.0250833600349241,-0.0319388901497519,Success
NCT04366713,PBYI,Phase 2,Success,2023-02-10,-0.086463720469159,-0.0924369823662422,Success
NCT05799495,PFE,Phase 2,Success,2024-10-09,0.0106029302855374,0.0202938355026858,Success
NCT03148795,PFE,Phase 2,Success,2021-09-08,-0.0349578705253226,-0.0266865934128276,Success
NCT04630158,NVS,Phase 2,Success,2024-04-18,0.0114532619637433,0.0075203113701869,Success
NCT04139317,NVS,Phase 2,Business Termination,2024-02-08,-0.036370766747493,-0.0284139149144673,Failure
NCT03207867,NVS,Phase 2,Business Termination,2024-03-01,-0.0078835787262541,-0.0101794595424752,Business Termination
NCT04988087,NVS,Phase 2,Business Termination,2024-07-08,0.025024590186896,0.0328824020509932,Business Termination
NCT04154787,NVS,Phase 2,Business Termination,2024-07-05,0.0114862151812256,0.0158626605053591,Business Termination
NCT03597464,AUPH,Phase 3,Success,2022-12-14,-0.0132943425399791,-0.0149572002973913,Success
NCT04558918,NVS,Phase 3,Success,2023-11-28,0.0039307063982492,0.0083428578301825,Success
NCT03340974,GRTX,Phase 1/2,Success,2023-12-15,0.0685347080923862,-0.0441176738706006,Success
NCT04677543,INSM,Phase 3,Success,2024-06-28,-0.0594866751533412,-0.0747381889671139,Success
NCT04181723,ACAD,Phase 3,Success,2024-04-08,-0.0171676316484825,-0.0374593122258252,Success
NCT02720523,ABBV,Phase 2/3,Success,2019-10-21,0.0331170916221174,0.0401339483565195,Success
NCT04617275,PFE,Phase 2,Success,2022-12-08,0.0354737066299491,0.028188408630833,Success
NCT04571060,PFE,Phase 3,Success,2023-03-16,0.0322380925326352,0.0238330469528047,Success
NCT03907969,AZN,Phase 1/2,Failure,2024-02-06,-0.0474227080371727,-0.049813070511248,Failure
NCT04102189,NVO,Phase 3,Success,2023-04-18,-0.028761157418352,-0.013540939534912,Success
NCT02756611,ABBV,Phase 3,Success,2020-05-04,0.0007651302964562,0.0198185099196441,Success
NCT02038777,PFE,Phase 1,Success,2022-03-18,0.0242500673152941,0.015897334695351,Success
NCT02892149,AKBA,Phase 3,Success,2022-06-28,-0.0398459600768505,-0.1017812233542215,Success
NCT05262517,PFE,Phase 3,Business Termination,2024-05-16,0.0073862501193847,0.0031644942202184,Business Termination
NCT04402866,TBPH,Phase 2,Success,2022-03-17,-0.0073931611650858,0.0521172139248875,Success
NCT03969719,PFE,Phase 2,Success,2022-05-11,0.0149414674093042,0.0262461152452897,Success
NCT03750552,TBPH,Phase 3,Success,2022-09-14,0.1214031800422043,0.098146086264157,Success
NCT04026165,GILD,Phase 2,Success,2022-12-21,-0.0335953770309064,-0.023167315677033,Success
NCT04848220,PFE,Phase 2,Business Termination,2023-12-12,-0.0986484471228468,-0.087321187280884,Business Termination
NCT02684058,NVS,Phase 2,Success,2023-05-19,-0.0419371013744123,-0.0249002878925763,Success
NCT04657666,JAZZ,Phase 3,Success,2023-07-20,0.0628013342897133,0.0452528060759436,Success
NCT02955212,ABBV,Phase 3,Success,2020-08-06,-0.037984440035127,-0.0371064359545746,Success
NCT04095793,TBPH,Phase 3,Business Termination,2022-11-30,0.0192912466113611,0.0396226472810474,Excluded (ambiguous)
NCT03199053,AZN,Phase 3,Success,2024-04-17,0.0086262195968286,-0.0055127458112531,Success
NCT02454933,AZN,Phase 3,Failure,2018-08-10,0.018806475222776,0.0144606952664136,Failure
NCT03252587,BMY,Phase 2,Success,2022-09-10,0.0174806303593166,0.0248690060218716,Success
NCT04007367,BIIB,Phase 3,Business Termination,2022-10-03,-0.064049104173063,-0.0539386996141642,Business Termination
NCT03139604,INCY,Phase 3,Success,2020-05-15,-0.0238389506972741,-0.0188133112984676,Success
NCT04921969,INCY,Phase 3,Success,2024-06-10,0.022005186683368,0.015415887959179,Success
NCT03359785,NBIX,Phase 2,Success,2024-02-28,-0.0631275611336316,-0.02146362931307,Success
NCT03377699,NVO,Phase 3,Success,2022-04-27,0.0421757334586096,0.0298104130141059,Success
NCT05538312,PFE,Phase 1,Success,2024-09-23,-0.0210857063634827,-0.0275628611688055,Success
NCT02128958,CANF,Phase 2,Success,2021-12-29,-0.0168505651364385,-0.0583941605839416,Success
NCT04074161,NVO,Phase 3,Success,2022-04-27,0.0421757334586096,0.0298104130141059,Success
NCT03850483,PFE,Phase 2,Success,2022-06-29,0.0135780987159179,0.0139561773536363,Success
NCT03574597,NVO,Phase 3,Success,2024-08-30,-0.0094536876917209,-0.0048083903519801,Success
NCT04140695,VNDA,Phase 3,Business Termination,2024-05-14,0.0808040681258966,0.1137723889787993,Business Termination
NCT03317002,AZN,Phase 2,Success,2021-06-30,0.0234748585116063,0.0242628355312797,Success
NCT03685591,PFE,Phase 1,Business Termination,2024-06-26,0.0106916892715976,0.0086517263976582,Business Termination
NCT01743989,NVS,Phase 3,Success,2021-07-15,-0.0243030646461544,-0.0253818708781362,Success
NCT04517864,PFE,Phase 2,Business Termination,2022-12-28,-0.0027723176839871,-0.0077458524147607,Business Termination
NCT04887064,AMGN,Phase 1,Success,2024-04-19,0.0303439024015664,0.0297395983649979,Success
NCT03759392,CYTK,Phase 3,Success,2023-03-07,-0.0266317963676544,-0.0691918679128268,Success
NCT02540330,ATOS,Phase 2,Business Termination,2022-04-05,-0.0814186602572747,-0.0559999593098958,Business Termination
NCT03730961,BMY,Phase 2,Success,2021-01-26,-0.0320473077731382,-0.0294484538563796,Success
NCT04725240,RYTM,Phase 2,Success,2023-09-21,-0.0367047295538372,-0.0713121407788013,Success
NCT03859427,AMGN,Phase 3,Success,2024-04-18,0.0296731125509894,0.024104720238729,Success
NCT04102579,NBIX,Phase 3,Success,2023-10-11,-0.0051060272950404,-0.0095673129497534,Success
NCT03905330,MIRM,Phase 3,Success,2023-12-11,0.0087167668091689,0.0740974746957707,Success
NCT03762265,SNY,Phase 3,Business Termination,2022-09-21,-0.0418541660337609,-0.0592846492052896,Failure
NCT05438602,PFE,Phase 2,Success,2024-09-23,-0.0210857063634827,-0.0275628611688055,Success
NCT03756129,NVS,Phase 2,Success,2021-05-19,-0.0097961296217789,-0.0095547309833022,Success
NCT03304054,CPRX,Phase 3,Success,2021-08-13,-0.0436138357743832,-0.0387205415585655,Success
NCT03777436,AMGN,Phase 3,Success,2022-12-15,-0.0383962153471014,-0.040031783920557,Success
NCT01737827,NVS,Phase 2,Business Termination,2024-09-24,-0.0044362090351378,-0.0031902740407224,Business Termination (feasibility)
NCT03968159,ACAD,Phase 3,Success,2021-11-17,-0.0387190971482686,-0.0726392265234704,Success
NCT05061693,INCY,Phase 2,Success,2024-08-27,0.0418160751868212,0.0458585081458799,Success
NCT02691182,SUPN,Phase 3,Failure,2024-05-16,-0.0491333625261667,-0.0306603719021328,Failure
NCT04707469,NVO,Phase 3,Success,2024-04-03,-0.0293048763554163,-0.0197819396383526,Success
NCT02725593,AZN,Phase 3,Success,2020-12-02,0.0106597320231608,0.0214787117896757,Success
NCT03459443,LXRX,Phase 2,Business Termination,2022-08-11,0.2919980246009109,0.3294574295297496,Failure
NCT03832114,NVS,Phase 2,Success,2022-07-08,-0.0151520419242838,-0.0040341562192004,Success
NCT02680574,AKBA,Phase 3,Success,2022-06-27,0.0414361897330734,0.0674156983563019,Success
NCT04164732,NVS,Phase 2,Success,2024-08-29,-0.0045105161871853,-0.0054553337067629,Success
NCT03315143,LXRX,Phase 3,Business Termination,2022-10-28,0.0041648103822525,0.0622010142486477,Business Termination
NCT03775200,CMPS,Phase 2,Success,2023-04-24,-0.1130361439751444,-0.1646216462817964,Success
NCT02980731,ABBV,Phase 3,Success,2023-02-22,0.023210854258881,0.0212664897001157,Success
NCT04124926,PHAT,Phase 3,Success,2022-07-29,-0.32630017851122,-0.331262925446361,Success
NCT02929329,CYTK,Phase 3,Success,2021-07-20,0.4897989959647575,0.5579710588470368,Success
NCT04074590,NVS,Phase 2,Business Termination,2023-11-09,0.009578582837925,0.0068485558881572,Business Termination
NCT03322540,INCY,Phase 2,Success,2020-02-05,-0.0369167497206722,0.0146434884260717,Success
NCT04962230,PFE,Phase 1,Success,2023-10-10,-0.000851714527163,-0.0164326647097371,Success
NCT02201108,SNY,Phase 3,Success,2020-11-30,0.0012553553863542,0.0140224851852388,Success
NCT00490139,NVS,Phase 3,Success,2014-08-18,0.0144796138190253,0.0222680173410869,Success
NCT03345849,ABBV,Phase 3,Success,2022-11-23,0.0282538832993798,0.0222609950124057,Success
NCT03682705,ABBV,Phase 2,Success,2021-05-03,0.0443021516676993,0.0343964730268793,Success
NCT02755597,ABBV,Phase 3,Success,2023-08-22,-0.0197527444129621,-0.0225970277922528,Success
NCT04016779,SUPN,Phase 3,Success,2022-07-12,-0.0382409897279949,-0.0438392450370929,Success
NCT01945775,PFE,Phase 3,Success,2018-10-03,0.0247852606120511,0.0190606045472248,Success
NCT03559699,AGIO,Phase 3,Success,2021-12-10,0.0336480608422638,-0.0140715541081981,Success
NCT01506609,ABBV,Phase 2,Success,2021-10-25,-0.0014959724842278,-9.215525680628112e-05,Success
NCT03689374,NVO,Phase 3,Success,2022-05-04,-0.0224268103081889,-0.0232456171254168,Success
NCT04268823,NVS,Phase 2,Business Termination,2023-10-04,-0.0561258378978649,-0.0463380581828183,Business Termination
NCT04788511,NVO,Phase 3,Success,2024-06-11,-0.0098648866814867,0.0006319873355051,Success
NCT03502616,PFE,Phase 3,Success,2021-01-11,-0.0121273314084763,-0.0002710981837377,Success
NCT00585195,PFE,Phase 1,Success,2021-10-14,-0.0302250695398028,-0.0175937514843697,Success
NCT03213457,ABBV,Phase 3,Success,2021-04-20,0.0212852143554536,0.0295631202246988,Success
NCT04375397,ABBV,Phase 2,Success,2022-06-01,-0.0394396468112379,-0.0225809427531439,Success
NCT04598269,ACRS,Phase 2,Success,2023-09-28,0.0203372658366017,-0.010670757968287,Success
NCT04017832,NVO,Phase 3,Success,2023-09-29,-0.0484700499245764,-0.0436867583767177,Success
NCT03486457,PFE,Phase 3,Success,2024-02-08,0.0454640989797635,0.0410236482827992,Success
NCT04143594,GILD,Phase 2,Success,2022-12-19,-0.0429630331064733,-0.035407463014352,Success
NCT05047601,PFE,Phase 2/3,Success,2023-05-06,-0.0168579174990866,-0.0039012499579242,Success
NCT03718533,NVS,Phase 2,Business Termination,2024-02-05,-0.0004333290507207,-9.667155422354856e-05,Business Termination (feasibility)
NCT04683939,BNTX,Phase 1/2,Business Termination,2024-10-02,0.0426521395084754,0.0377262649164276,Business Termination
NCT05266586,NAMS,Phase 2,Success,2024-07-03,0.0067395320319736,0.0411244639863568,Success
NCT03019185,BIIB,Phase 2/3,Success,2023-10-11,0.0087126141514021,-0.0037606466642926,Success
NCT01460160,BMY,Phase 2,Success,2018-08-21,-0.0220710229480904,-0.0166914468366077,Success
NCT04217590,AZN,Phase 3,Success,2023-03-28,0.0233305260538339,0.0288434703167106,Success
NCT03382639,NBIX,Phase 2,Success,2024-02-28,-0.0631276163526222,-0.02146362931307,Success
NCT03287960,RYTM,Phase 3,Success,2023-05-23,0.0192178919078763,-0.0030302567915482,Success
NCT03434353,GILD,Phase 2,Business Termination,2022-04-04,0.019187012456637,0.0194434001877132,Business Termination
NCT01920061,PFE,Phase 1,Success,2021-10-07,-0.0244841552374876,-0.0084867354240281,Success
NCT03624127,BMY,Phase 3,Success,2023-01-30,-0.0280417681504047,-0.0265138370953831,Success
NCT04853368,ABBV,Phase 2,Business Termination,2024-07-16,0.014648345582926,0.0164918248648384,Business Termination
NCT01524783,NVS,Phase 3,Success,2016-12-28,0.0212746540261429,0.0149087700422907,Success
NCT04439071,PTCT,Phase 2/3,Business Termination,2023-06-26,-0.0259518146507759,-0.0362285490835736,Business Termination
NCT03237325,SNGX,Phase 3,Success,2022-08-29,-0.0520000930779351,-0.0602409647783173,Success
NCT02108964,NVS,Phase 1/2,Success,2020-10-26,-0.0741791448566496,-0.0686950366579604,Success
NCT02606461,KPTI,Phase 2/3,Success,2021-12-07,-0.0698536948665151,-0.1126373238654314,Success
NCT02464228,KURA,Phase 2,Success,2024-06-26,-0.0525970252945857,-0.0167144399495344,Success
NCT03548987,NVO,Phase 3,Success,2021-03-15,-0.011034397763632,0.000697227585088,Success
NCT03427125,ARDX,Phase 3,Success,2023-06-29,-0.0565529344344401,-0.0265487167559939,Success
NCT04186871,BMY,Phase 2,Success,2024-01-16,0.0101341959246138,-0.0112514235379777,Success
NCT04753606,NAMS,Phase 2,Success,2024-06-11,-0.0450084315844183,-0.0081632573621465,Success
NCT03611582,NVO,Phase 3,Success,2021-07-09,0.0137253674993087,0.0189299606037758,Success
NCT03796676,PFE,Phase 3,Success,2021-06-04,4.085425027507226e-05,0.0090903772074457,Success
NCT03877224,AZN,Phase 3,Success,2021-11-17,-0.0432189584842335,-0.0363945475355276,Success
NCT01593254,BMY,Phase 2,Success,2019-04-11,0.0180097926745613,-0.0061977529682488,Success
NCT02697734,NVS,Phase 3,Success,2021-10-19,0.0240470001745022,0.0250603952842116,Success
NCT02819635,ABBV,Phase 2/3,Success,2022-06-30,-0.0100760188412901,0.0051585607986492,Success
NCT04680975,SNY,Phase 2,Business Termination,2023-06-05,-0.0179672639397145,-0.0027440229961189,Business Termination (feasibility)
NCT04072887,NVS,Phase 2,Success,2023-04-28,-0.0085318172708503,-0.0048057949343127,Success
NCT03985293,PFE,Phase 2,Success,2022-06-30,-0.0052720297456607,-0.0046261164575133,Success
NCT03373461,NVS,Phase 2,Success,2022-10-07,-0.0227938795844601,-0.0302954403103702,Success
NCT03829657,TBPH,Phase 3,Business Termination,2023-01-20,-0.0537649617168392,-0.0393356491058596,Excluded (ambiguous)
NCT03523728,SNY,Phase 2/3,Failure,2022-11-09,-0.0199866174947308,-0.0187987617416021,Failure
NCT04682639,PFE,Phase 2,Success,2023-10-26,-0.0015473212479526,-0.0094033185581399,Success
NCT04492722,AZN,Phase 2,Business Termination,2023-12-26,-0.0014796143395726,0.0231074364804579,Failure
NCT02307513,AMGN,Phase 3,Success,2019-09-11,-0.0763257397688496,-0.0590190650130661,Success
NCT05418673,BIIB,Phase 3,Business Termination,2024-06-26,0.037837654234344,0.0349107469831193,Business Termination
NCT04633187,ENTA,Phase 2,Business Termination,2024-08-22,0.0367861806242643,0.053048303263899,Business Termination
NCT03990363,AZN,Phase 2,Success,2023-03-02,-0.0360284004782371,-0.033533023183205,Success
NCT04727528,AZN,Phase 3,Business Termination,2023-10-06,0.017608909325876,0.026411292659896,Business Termination (feasibility)
NCT04399538,PFE,Phase 2,Success,2023-04-13,-0.0325468287877126,-0.0131800503276552,Success
NCT02184195,AZN,Phase 3,Success,2020-01-27,-0.017897344562841,-0.015659239255889,Success
NCT04501952,GILD,Phase 3,Business Termination,2021-11-16,0.0059305128417476,0.0053389942734072,Business Termination (feasibility)
NCT03934216,BMY,Phase 2,Success,2022-07-06,-0.0421176454537889,-0.0210391304132575,Success
NCT04639310,XENE,Phase 3,Business Termination,2024-08-23,0.0407933640477282,0.0359403200194179,Business Termination
NCT04362137,NVS,Phase 3,Success,2021-06-02,0.012797258551517,0.01491845011072,Success
NCT03341962,IMUX,Phase 2,Failure,2024-03-05,0.0205919507376468,-0.0034129172943663,Failure
NCT03374488,INCY,Phase 3,Failure,2019-08-28,-0.0097656229329687,-0.001098815324883,Failure
NCT02163694,ABBV,Phase 3,Success,2022-04-04,0.0221816064014106,0.031511307916302,Success
NCT03512353,AMGN,Phase 2,Business Termination,2021-01-08,0.0108047355120503,0.0387691825938856,Business Termination
NCT03890120,GILD,Phase 3,Failure,2023-11-29,0.0220739708308095,0.0301142370591274,Failure
NCT04467840,RDHL,Phase 2/3,Success,2023-10-19,0.5413912504358793,0.3665894109310639,Success
NCT01610336,NVS,Phase 2,Success,2021-04-08,0.0140768674023552,0.0008020271637154,Success
NCT01940471,GILD,Phase 3,Success,2017-03-30,0.0091466968943033,-0.0059256664648271,Success
NCT00915681,VTRS,Phase 2,Business Termination,2022-04-07,0.0028585129772014,-0.0138248969903511,Business Termination
NCT04327024,AZN,Phase 2,Success,2023-06-29,-0.0969131420806808,-0.0903387352667359,Success
NCT03286842,AZN,Phase 3,Success,2023-01-17,-0.002991829994843,0.0005676835886276,Success
NCT04508621,TNXP,Phase 3,Success,2022-12-02,0.0700160249378187,-1.1102230246251563e-16,Success
NCT04529499,RDY,Phase 3,Failure,2022-03-21,0.0108154475217871,0.0164247024822004,Failure
NCT03178487,ABBV,Phase 2,Success,2021-06-01,-0.0325489136797079,-0.0217085280052801,Success
NCT04476043,INCY,Phase 2,Success,2023-01-26,-0.0008771421406976,0.0020363938920611,Success
NCT04530344,INCY,Phase 3,Success,2023-07-19,0.0491291021657202,0.0386982394640449,Success
NCT01924533,AZN,Phase 3,Success,2018-11-07,0.0883128692865512,0.0824307101177879,Success
NCT04962022,PFE,Phase 1,Success,2023-07-13,0.0121018253466725,0.005044658834338,Success
NCT03852719,GILD,Phase 3,Success,2022-10-28,0.1265222919904816,0.1399424841100203,Success
NCT03548935,NVO,Phase 3,Success,2021-08-11,0.0282220138076483,0.032971375988315,Success
NCT02219490,ABBV,Phase 3,Success,2023-04-07,0.0086172479655995,0.0161473681567101,Success
NCT02470585,ABBV,Phase 3,Business Termination,2020-09-14,-0.0725940441339388,-0.020189927678369,Business Termination
NCT03573297,ABBV,Phase 3,Success,2023-09-28,-0.0420985089278576,-0.04138371232689,Success
NCT01665144,NVS,Phase 3,Success,2018-10-31,0.0091624079838299,0.0223940345442514,Success
NCT04816214,NVS,Phase 3,Business Termination,2023-10-30,-0.0252870941144108,-0.0122602097546957,Business Termination
NCT03551626,NVS,Phase 3,Success,2024-03-18,-0.0277362407702878,-0.0297979961044885,Success
NCT03980730,VTVT,Phase 2,Business Termination,2022-01-21,-0.03636223837464,-0.0834326886123902,Business Termination
NCT04469465,LXRX,Phase 3,Success,2023-07-24,-0.0790328833932289,-0.1100917441226267,Success
NCT03538041,INCY,Phase 2,Success,2022-09-22,-0.011385006644869,-0.0382211502213534,Success
NCT02264990,ABBV,Phase 3,Success,2021-02-26,0.0191542939424325,0.0148679663234099,Success
NCT03611751,BMY,Phase 3,Success,2022-12-20,-0.0205573499020722,-0.0155997723290427,Success
NCT02706873,ABBV,Phase 3,Success,2019-10-04,0.0057942544388266,0.0040966617050455,Success
NCT03403205,LXRX,Phase 3,Business Termination,2023-10-10,0.0919801948827885,-0.0095238008737018,Business Termination
NCT05162066,BCRX,Phase 2,Business Termination,2024-05-02,0.1694376020213352,0.234192038516829,Business Termination
NCT03810183,NVS,Phase 2,Business Termination,2021-01-25,-0.0356348979861799,-0.0414774884785028,Business Termination
NCT03312738,NVS,Phase 2,Success,2024-01-23,-0.0111567986141747,-0.0096270353177468,Success
NCT04556760,AZN,Phase 2,Success,2024-07-18,0.0059281710344325,0.0133130494858879,Success
NCT02167945,ABBV,Phase 3,Success,2022-04-06,0.0647035891089673,0.0754859079739524,Success
NCT04745351,GILD,Phase 3,Business Termination,2023-05-12,-0.01450258271286,-0.0060913579620883,Business Termination (feasibility)
NCT03951077,ABBV,Phase 2,Success,2022-06-08,-0.0411455800146284,-0.0269755171644173,Success
NCT02369653,BMY,Phase 3,Success,2022-03-08,-0.0091097768357937,-0.0099838401978075,Success
NCT03877237,AZN,Phase 3,Success,2021-05-05,0.0287710759321685,0.0139439084501473,Success
NCT03619213,AZN,Phase 3,Success,2023-07-11,0.0303451118376048,0.0351627551415738,Success
NCT05099640,PTCT,Phase 3,Success,2024-01-10,-0.019468020208864,-0.0204300968680173,Success
NCT04842747,VERU,Phase 3,Success,2023-04-18,0.2028015985875688,0.142857142857143,Success
NCT02675426,ABBV,Phase 3,Success,2019-10-07,0.0218162482115648,0.0162209313427499,Success
NCT02884206,NVS,Phase 3,Success,2024-08-06,-0.0102552419082456,-0.0096343332284914,Success
NCT02742090,TGTX,Phase 2,Business Termination,2024-07-03,0.0837216612894062,0.0989318848205933,Business Termination
NCT03650400,NVS,Phase 2,Business Termination,2020-07-20,-0.0116963490363012,-0.0155911609032765,Business Termination
NCT05470387,PALI,Phase 3,Business Termination,2024-06-13,0.0359877533198617,0.0151843151403241,Business Termination
NCT03335371,VTVT,Phase 1/2,Success,2023-07-03,-0.0455727444241822,-0.0456375415376382,Success
NCT04349072,BMY,Phase 3,Success,2023-03-07,-0.0336549141971501,-0.0387339448427355,Success
NCT04000009,ACAD,Phase 3,Business Termination,2022-04-05,0.049260985791081,0.1172584737036699,Business Termination
NCT01682083,NVS,Phase 3,Success,2018-09-26,0.0072209752728741,0.0081910248981302,Success
NCT04799158,PHAT,Phase 2,Success,2023-01-04,-0.3638970672402604,-0.3327418211641562,Success
NCT03601637,VRTX,Phase 3,Success,2023-01-06,-0.0052033789035304,0.0095448258555022,Success
NCT02648347,AKBA,Phase 3,Success,2022-06-27,0.0414362348613281,0.0674156983563019,Success
NCT03693430,NVO,Phase 3,Success,2022-03-23,-0.0340603357520942,-0.0353257185511328,Success
NCT04913610,ABBV,Phase 2,Business Termination,2024-09-19,-0.0100574781157297,-0.0097070372527569,Business Termination
NCT03524612,NVS,Phase 2,Success,2023-12-27,0.021767845710697,0.0292558943148868,Success
NCT03818256,CORT,Phase 2,Success,2024-09-19,0.1129109325796901,0.116454364441906,Success
NCT04109547,NVO,Phase 3,Success,2023-09-14,-0.0668204391291947,-0.0647990798060095,Success
NCT04106557,OVID,Phase 3,Failure,2024-01-08,-0.0631890976971463,-0.0221519524557151,Failure
NCT04323124,PFE,Phase 1,Business Termination,2024-09-19,-0.0230267613840198,-0.0252743981232266,Failure
NCT04396756,PLRX,Phase 2,Success,2024-04-30,0.0320941690742005,0.1153198545759064,Success
NCT01972217,AZN,Phase 2,Success,2018-10-02,0.0007008583853187,-0.0052871900790617,Success
NCT03771664,BIIB,Phase 3,Business Termination,2022-10-20,0.0316067821040339,0.0188091543454749,Business Termination
NCT03112603,INCY,Phase 3,Success,2022-04-15,-0.0138154127537053,-0.0169851456917076,Success
NCT03822117,INCY,Phase 2,Business Termination,2023-03-15,0.0130184275565867,0.0223580136451839,Business Termination
NCT03738215,ABBV,Phase 3,Success,2022-10-25,0.0696422284885792,0.0739523778986583,Success
NCT04292899,GILD,Phase 3,Success,2020-12-31,0.0791942302867602,0.0546667296105121,Success
NCT03077412,GILD,Phase 2,Success,2022-04-08,0.0429247466403352,0.031464392342055,Success
NCT02083354,NVS,Phase 2,Success,2021-03-17,0.0206218803958076,0.0215143139337334,Success
NCT01774721,PFE,Phase 3,Success,2018-10-26,-0.0279025442343989,-0.0274378107207328,Success
NCT04960202,PFE,Phase 2/3,Success,2023-02-09,0.0184419132391404,0.0052557363351384,Success
NCT03739203,ABBV,Phase 3,Success,2022-09-21,0.0013481785348199,-0.0069414975228055,Success
NCT04413617,PFE,Phase 2,Success,2023-04-07,0.0112615426555325,0.0114913678676198,Success
NCT02865850,AKBA,Phase 3,Success,2022-07-18,0.0028212566850103,-0.013392883870864,Success
NCT01940341,GILD,Phase 3,Success,2017-03-30,0.0091466407065943,-0.0059258233809291,Success
NCT03416179,PFE,Phase 3,Success,2021-06-25,-0.0179985680001018,-0.0128756638548509,Success
